[
    {
        "model": "admin.logentry",
        "pk": 13,
        "fields": {
            "action_time": "2022-09-28T03:24:51.396Z",
            "user": 12,
            "content_type": 6,
            "object_id": "10",
            "object_repr": "tanodaniel59@gmail.com",
            "action_flag": 3,
            "change_message": ""
        }
    },
    {
        "model": "admin.logentry",
        "pk": 14,
        "fields": {
            "action_time": "2022-09-28T03:24:51.580Z",
            "user": 12,
            "content_type": 6,
            "object_id": "3",
            "object_repr": "tanoparksonsilencer@gmail.com",
            "action_flag": 3,
            "change_message": ""
        }
    },
    {
        "model": "admin.logentry",
        "pk": 15,
        "fields": {
            "action_time": "2022-09-28T03:25:09.651Z",
            "user": 12,
            "content_type": 6,
            "object_id": "12",
            "object_repr": "tanoparksonsilencer@gmail.com",
            "action_flag": 2,
            "change_message": "[{\"changed\": {\"fields\": [\"Email address\", \"Phone number\", \"Account type\", \"First name\", \"Last name\"]}}]"
        }
    },
    {
        "model": "admin.logentry",
        "pk": 25,
        "fields": {
            "action_time": "2022-09-30T01:32:44.685Z",
            "user": 23,
            "content_type": 6,
            "object_id": "12",
            "object_repr": "tanoparksonsilencer@gmail.com",
            "action_flag": 2,
            "change_message": "[{\"changed\": {\"fields\": [\"Code\"]}}]"
        }
    },
    {
        "model": "admin.logentry",
        "pk": 26,
        "fields": {
            "action_time": "2022-09-30T01:33:00.231Z",
            "user": 23,
            "content_type": 6,
            "object_id": "15",
            "object_repr": "myemail@gmail.cam",
            "action_flag": 3,
            "change_message": ""
        }
    },
    {
        "model": "admin.logentry",
        "pk": 27,
        "fields": {
            "action_time": "2022-09-30T01:33:31.407Z",
            "user": 23,
            "content_type": 9,
            "object_id": "10",
            "object_repr": "Daniel TAno",
            "action_flag": 1,
            "change_message": "[{\"added\": {}}]"
        }
    },
    {
        "model": "admin.logentry",
        "pk": 28,
        "fields": {
            "action_time": "2022-09-30T01:34:02.112Z",
            "user": 23,
            "content_type": 6,
            "object_id": "23",
            "object_repr": "myemail@gmail.com",
            "action_flag": 2,
            "change_message": "[{\"changed\": {\"fields\": [\"Phone number\", \"Last name\", \"Code\"]}}]"
        }
    },
    {
        "model": "admin.logentry",
        "pk": 29,
        "fields": {
            "action_time": "2022-09-30T01:34:08.145Z",
            "user": 23,
            "content_type": 6,
            "object_id": "23",
            "object_repr": "myemail@gmail.com",
            "action_flag": 2,
            "change_message": "[{\"changed\": {\"fields\": [\"Account type\"]}}]"
        }
    },
    {
        "model": "admin.logentry",
        "pk": 30,
        "fields": {
            "action_time": "2022-09-30T01:38:57.694Z",
            "user": 23,
            "content_type": 9,
            "object_id": "10",
            "object_repr": "Daniel Parkson Tano",
            "action_flag": 3,
            "change_message": ""
        }
    },
    {
        "model": "admin.logentry",
        "pk": 31,
        "fields": {
            "action_time": "2022-09-30T01:39:15.545Z",
            "user": 23,
            "content_type": 8,
            "object_id": "3",
            "object_repr": "Daniel Parkson Tano",
            "action_flag": 1,
            "change_message": "[{\"added\": {}}]"
        }
    },
    {
        "model": "admin.logentry",
        "pk": 32,
        "fields": {
            "action_time": "2022-09-30T01:39:24.357Z",
            "user": 23,
            "content_type": 6,
            "object_id": "23",
            "object_repr": "myemail@gmail.com",
            "action_flag": 2,
            "change_message": "[{\"changed\": {\"fields\": [\"Account type\"]}}]"
        }
    },
    {
        "model": "admin.logentry",
        "pk": 33,
        "fields": {
            "action_time": "2022-09-30T02:00:29.001Z",
            "user": 23,
            "content_type": 10,
            "object_id": "1",
            "object_repr": "diagonistic test",
            "action_flag": 1,
            "change_message": "[{\"added\": {}}]"
        }
    },
    {
        "model": "admin.logentry",
        "pk": 34,
        "fields": {
            "action_time": "2022-09-30T02:09:09.843Z",
            "user": 23,
            "content_type": 10,
            "object_id": "2",
            "object_repr": "Formative evaluation",
            "action_flag": 1,
            "change_message": "[{\"added\": {}}]"
        }
    },
    {
        "model": "admin.logentry",
        "pk": 35,
        "fields": {
            "action_time": "2022-09-30T02:09:37.576Z",
            "user": 23,
            "content_type": 10,
            "object_id": "2",
            "object_repr": "Formative evaluation",
            "action_flag": 2,
            "change_message": "[{\"changed\": {\"fields\": [\"Description\"]}}]"
        }
    },
    {
        "model": "admin.logentry",
        "pk": 36,
        "fields": {
            "action_time": "2022-09-30T02:10:12.699Z",
            "user": 23,
            "content_type": 10,
            "object_id": "2",
            "object_repr": "Formative evaluation",
            "action_flag": 2,
            "change_message": "[{\"changed\": {\"fields\": [\"Description\"]}}]"
        }
    },
    {
        "model": "admin.logentry",
        "pk": 37,
        "fields": {
            "action_time": "2022-09-30T02:11:15.533Z",
            "user": 23,
            "content_type": 10,
            "object_id": "2",
            "object_repr": "Formative evaluation",
            "action_flag": 2,
            "change_message": "[{\"changed\": {\"fields\": [\"Description\"]}}]"
        }
    },
    {
        "model": "admin.logentry",
        "pk": 38,
        "fields": {
            "action_time": "2022-09-30T02:15:27.015Z",
            "user": 23,
            "content_type": 10,
            "object_id": "3",
            "object_repr": "Summative evaluation",
            "action_flag": 1,
            "change_message": "[{\"added\": {}}]"
        }
    },
    {
        "model": "admin.logentry",
        "pk": 39,
        "fields": {
            "action_time": "2022-09-30T02:16:31.928Z",
            "user": 23,
            "content_type": 10,
            "object_id": "4",
            "object_repr": "Process Evaluation",
            "action_flag": 1,
            "change_message": "[{\"added\": {}}]"
        }
    },
    {
        "model": "admin.logentry",
        "pk": 40,
        "fields": {
            "action_time": "2022-09-30T03:06:25.910Z",
            "user": 23,
            "content_type": 13,
            "object_id": "5",
            "object_repr": "First assess",
            "action_flag": 3,
            "change_message": ""
        }
    },
    {
        "model": "admin.logentry",
        "pk": 41,
        "fields": {
            "action_time": "2022-09-30T03:06:26.136Z",
            "user": 23,
            "content_type": 13,
            "object_id": "4",
            "object_repr": "First assess",
            "action_flag": 3,
            "change_message": ""
        }
    },
    {
        "model": "admin.logentry",
        "pk": 42,
        "fields": {
            "action_time": "2022-09-30T03:06:26.303Z",
            "user": 23,
            "content_type": 13,
            "object_id": "3",
            "object_repr": "First assess",
            "action_flag": 3,
            "change_message": ""
        }
    },
    {
        "model": "admin.logentry",
        "pk": 43,
        "fields": {
            "action_time": "2022-09-30T03:06:26.616Z",
            "user": 23,
            "content_type": 13,
            "object_id": "2",
            "object_repr": "First Diagnostic",
            "action_flag": 3,
            "change_message": ""
        }
    },
    {
        "model": "admin.logentry",
        "pk": 44,
        "fields": {
            "action_time": "2022-09-30T03:06:26.764Z",
            "user": 23,
            "content_type": 13,
            "object_id": "1",
            "object_repr": "First Diagnostic",
            "action_flag": 3,
            "change_message": ""
        }
    },
    {
        "model": "admin.logentry",
        "pk": 45,
        "fields": {
            "action_time": "2022-09-30T03:27:48.298Z",
            "user": 23,
            "content_type": 8,
            "object_id": "4",
            "object_repr": "Parkson Daniel",
            "action_flag": 1,
            "change_message": "[{\"added\": {}}]"
        }
    },
    {
        "model": "admin.logentry",
        "pk": 46,
        "fields": {
            "action_time": "2022-09-30T03:31:59.974Z",
            "user": 23,
            "content_type": 13,
            "object_id": "8",
            "object_repr": "new onr to test",
            "action_flag": 1,
            "change_message": "[{\"added\": {}}]"
        }
    },
    {
        "model": "admin.logentry",
        "pk": 47,
        "fields": {
            "action_time": "2022-09-30T22:28:11.837Z",
            "user": 23,
            "content_type": 13,
            "object_id": "8",
            "object_repr": "new onr to test",
            "action_flag": 2,
            "change_message": "[{\"changed\": {\"fields\": [\"Teacher\"]}}]"
        }
    },
    {
        "model": "admin.logentry",
        "pk": 48,
        "fields": {
            "action_time": "2022-09-30T22:28:33.192Z",
            "user": 23,
            "content_type": 13,
            "object_id": "8",
            "object_repr": "new onr to test",
            "action_flag": 2,
            "change_message": "[{\"changed\": {\"fields\": [\"Teacher\"]}}]"
        }
    },
    {
        "model": "admin.logentry",
        "pk": 49,
        "fields": {
            "action_time": "2022-09-30T22:33:09.510Z",
            "user": 23,
            "content_type": 13,
            "object_id": "8",
            "object_repr": "new onr to test",
            "action_flag": 2,
            "change_message": "[{\"changed\": {\"fields\": [\"Teacher\"]}}]"
        }
    },
    {
        "model": "admin.logentry",
        "pk": 50,
        "fields": {
            "action_time": "2022-10-01T07:10:38.182Z",
            "user": 23,
            "content_type": 11,
            "object_id": "4",
            "object_repr": "question 4 for Process",
            "action_flag": 2,
            "change_message": "[{\"changed\": {\"fields\": [\"Teacher\"]}}]"
        }
    },
    {
        "model": "admin.logentry",
        "pk": 51,
        "fields": {
            "action_time": "2022-10-01T07:10:43.185Z",
            "user": 23,
            "content_type": 11,
            "object_id": "3",
            "object_repr": "question 3 for Process",
            "action_flag": 2,
            "change_message": "[{\"changed\": {\"fields\": [\"Teacher\"]}}]"
        }
    },
    {
        "model": "admin.logentry",
        "pk": 52,
        "fields": {
            "action_time": "2022-10-01T07:17:45.595Z",
            "user": 23,
            "content_type": 13,
            "object_id": "10",
            "object_repr": "nannasd",
            "action_flag": 1,
            "change_message": "[{\"added\": {}}]"
        }
    },
    {
        "model": "admin.logentry",
        "pk": 53,
        "fields": {
            "action_time": "2022-10-01T07:18:08.491Z",
            "user": 23,
            "content_type": 11,
            "object_id": "5",
            "object_repr": "question 5 for nannasd",
            "action_flag": 1,
            "change_message": "[{\"added\": {}}]"
        }
    },
    {
        "model": "admin.logentry",
        "pk": 54,
        "fields": {
            "action_time": "2022-10-01T07:33:43.078Z",
            "user": 23,
            "content_type": 11,
            "object_id": "3",
            "object_repr": "question 3 for Process9",
            "action_flag": 2,
            "change_message": "[]"
        }
    },
    {
        "model": "admin.logentry",
        "pk": 55,
        "fields": {
            "action_time": "2022-10-01T07:46:24.342Z",
            "user": 23,
            "content_type": 11,
            "object_id": "5",
            "object_repr": "question 5 for nannasd10",
            "action_flag": 3,
            "change_message": ""
        }
    },
    {
        "model": "admin.logentry",
        "pk": 56,
        "fields": {
            "action_time": "2022-10-01T07:46:24.500Z",
            "user": 23,
            "content_type": 11,
            "object_id": "4",
            "object_repr": "question 4 for Process9",
            "action_flag": 3,
            "change_message": ""
        }
    },
    {
        "model": "admin.logentry",
        "pk": 57,
        "fields": {
            "action_time": "2022-10-01T07:46:24.636Z",
            "user": 23,
            "content_type": 11,
            "object_id": "3",
            "object_repr": "question 3 for Process9",
            "action_flag": 3,
            "change_message": ""
        }
    },
    {
        "model": "admin.logentry",
        "pk": 58,
        "fields": {
            "action_time": "2022-10-01T07:46:36.859Z",
            "user": 23,
            "content_type": 13,
            "object_id": "10",
            "object_repr": "nannasd10",
            "action_flag": 3,
            "change_message": ""
        }
    },
    {
        "model": "admin.logentry",
        "pk": 59,
        "fields": {
            "action_time": "2022-10-01T07:46:37.059Z",
            "user": 23,
            "content_type": 13,
            "object_id": "9",
            "object_repr": "Process9",
            "action_flag": 3,
            "change_message": ""
        }
    },
    {
        "model": "admin.logentry",
        "pk": 60,
        "fields": {
            "action_time": "2022-10-01T07:46:37.193Z",
            "user": 23,
            "content_type": 13,
            "object_id": "8",
            "object_repr": "new onr to test8",
            "action_flag": 3,
            "change_message": ""
        }
    },
    {
        "model": "admin.logentry",
        "pk": 61,
        "fields": {
            "action_time": "2022-10-01T18:33:55.126Z",
            "user": 23,
            "content_type": 6,
            "object_id": "22",
            "object_repr": "tanodaniel591@gmail.com",
            "action_flag": 2,
            "change_message": "[{\"changed\": {\"fields\": [\"Subsystem\", \"Student class\"]}}]"
        }
    },
    {
        "model": "admin.logentry",
        "pk": 62,
        "fields": {
            "action_time": "2022-10-02T06:54:54.143Z",
            "user": 23,
            "content_type": 13,
            "object_id": "15",
            "object_repr": "new formative evaluation15",
            "action_flag": 3,
            "change_message": ""
        }
    },
    {
        "model": "admin.logentry",
        "pk": 63,
        "fields": {
            "action_time": "2022-10-02T08:28:14.510Z",
            "user": 23,
            "content_type": 13,
            "object_id": "3",
            "object_repr": "first term3",
            "action_flag": 3,
            "change_message": ""
        }
    },
    {
        "model": "admin.logentry",
        "pk": 64,
        "fields": {
            "action_time": "2022-10-02T09:14:40.849Z",
            "user": 23,
            "content_type": 12,
            "object_id": "1",
            "object_repr": "Ashu Boris Obi grade for first term4",
            "action_flag": 3,
            "change_message": ""
        }
    },
    {
        "model": "admin.logentry",
        "pk": 65,
        "fields": {
            "action_time": "2022-10-02T09:14:52.592Z",
            "user": 23,
            "content_type": 13,
            "object_id": "4",
            "object_repr": "first term4",
            "action_flag": 2,
            "change_message": "[{\"changed\": {\"fields\": [\"Student count\"]}}]"
        }
    },
    {
        "model": "auth.permission",
        "pk": 1,
        "fields": {
            "name": "Can add log entry",
            "content_type": 1,
            "codename": "add_logentry"
        }
    },
    {
        "model": "auth.permission",
        "pk": 2,
        "fields": {
            "name": "Can change log entry",
            "content_type": 1,
            "codename": "change_logentry"
        }
    },
    {
        "model": "auth.permission",
        "pk": 3,
        "fields": {
            "name": "Can delete log entry",
            "content_type": 1,
            "codename": "delete_logentry"
        }
    },
    {
        "model": "auth.permission",
        "pk": 4,
        "fields": {
            "name": "Can view log entry",
            "content_type": 1,
            "codename": "view_logentry"
        }
    },
    {
        "model": "auth.permission",
        "pk": 5,
        "fields": {
            "name": "Can add permission",
            "content_type": 2,
            "codename": "add_permission"
        }
    },
    {
        "model": "auth.permission",
        "pk": 6,
        "fields": {
            "name": "Can change permission",
            "content_type": 2,
            "codename": "change_permission"
        }
    },
    {
        "model": "auth.permission",
        "pk": 7,
        "fields": {
            "name": "Can delete permission",
            "content_type": 2,
            "codename": "delete_permission"
        }
    },
    {
        "model": "auth.permission",
        "pk": 8,
        "fields": {
            "name": "Can view permission",
            "content_type": 2,
            "codename": "view_permission"
        }
    },
    {
        "model": "auth.permission",
        "pk": 9,
        "fields": {
            "name": "Can add group",
            "content_type": 3,
            "codename": "add_group"
        }
    },
    {
        "model": "auth.permission",
        "pk": 10,
        "fields": {
            "name": "Can change group",
            "content_type": 3,
            "codename": "change_group"
        }
    },
    {
        "model": "auth.permission",
        "pk": 11,
        "fields": {
            "name": "Can delete group",
            "content_type": 3,
            "codename": "delete_group"
        }
    },
    {
        "model": "auth.permission",
        "pk": 12,
        "fields": {
            "name": "Can view group",
            "content_type": 3,
            "codename": "view_group"
        }
    },
    {
        "model": "auth.permission",
        "pk": 13,
        "fields": {
            "name": "Can add content type",
            "content_type": 4,
            "codename": "add_contenttype"
        }
    },
    {
        "model": "auth.permission",
        "pk": 14,
        "fields": {
            "name": "Can change content type",
            "content_type": 4,
            "codename": "change_contenttype"
        }
    },
    {
        "model": "auth.permission",
        "pk": 15,
        "fields": {
            "name": "Can delete content type",
            "content_type": 4,
            "codename": "delete_contenttype"
        }
    },
    {
        "model": "auth.permission",
        "pk": 16,
        "fields": {
            "name": "Can view content type",
            "content_type": 4,
            "codename": "view_contenttype"
        }
    },
    {
        "model": "auth.permission",
        "pk": 17,
        "fields": {
            "name": "Can add session",
            "content_type": 5,
            "codename": "add_session"
        }
    },
    {
        "model": "auth.permission",
        "pk": 18,
        "fields": {
            "name": "Can change session",
            "content_type": 5,
            "codename": "change_session"
        }
    },
    {
        "model": "auth.permission",
        "pk": 19,
        "fields": {
            "name": "Can delete session",
            "content_type": 5,
            "codename": "delete_session"
        }
    },
    {
        "model": "auth.permission",
        "pk": 20,
        "fields": {
            "name": "Can view session",
            "content_type": 5,
            "codename": "view_session"
        }
    },
    {
        "model": "auth.permission",
        "pk": 21,
        "fields": {
            "name": "Can add user",
            "content_type": 6,
            "codename": "add_user"
        }
    },
    {
        "model": "auth.permission",
        "pk": 22,
        "fields": {
            "name": "Can change user",
            "content_type": 6,
            "codename": "change_user"
        }
    },
    {
        "model": "auth.permission",
        "pk": 23,
        "fields": {
            "name": "Can delete user",
            "content_type": 6,
            "codename": "delete_user"
        }
    },
    {
        "model": "auth.permission",
        "pk": 24,
        "fields": {
            "name": "Can view user",
            "content_type": 6,
            "codename": "view_user"
        }
    },
    {
        "model": "auth.permission",
        "pk": 25,
        "fields": {
            "name": "Can add school profile",
            "content_type": 7,
            "codename": "add_schoolprofile"
        }
    },
    {
        "model": "auth.permission",
        "pk": 26,
        "fields": {
            "name": "Can change school profile",
            "content_type": 7,
            "codename": "change_schoolprofile"
        }
    },
    {
        "model": "auth.permission",
        "pk": 27,
        "fields": {
            "name": "Can delete school profile",
            "content_type": 7,
            "codename": "delete_schoolprofile"
        }
    },
    {
        "model": "auth.permission",
        "pk": 28,
        "fields": {
            "name": "Can view school profile",
            "content_type": 7,
            "codename": "view_schoolprofile"
        }
    },
    {
        "model": "auth.permission",
        "pk": 29,
        "fields": {
            "name": "Can add teacher profile",
            "content_type": 8,
            "codename": "add_teacherprofile"
        }
    },
    {
        "model": "auth.permission",
        "pk": 30,
        "fields": {
            "name": "Can change teacher profile",
            "content_type": 8,
            "codename": "change_teacherprofile"
        }
    },
    {
        "model": "auth.permission",
        "pk": 31,
        "fields": {
            "name": "Can delete teacher profile",
            "content_type": 8,
            "codename": "delete_teacherprofile"
        }
    },
    {
        "model": "auth.permission",
        "pk": 32,
        "fields": {
            "name": "Can view teacher profile",
            "content_type": 8,
            "codename": "view_teacherprofile"
        }
    },
    {
        "model": "auth.permission",
        "pk": 33,
        "fields": {
            "name": "Can add student profile",
            "content_type": 9,
            "codename": "add_studentprofile"
        }
    },
    {
        "model": "auth.permission",
        "pk": 34,
        "fields": {
            "name": "Can change student profile",
            "content_type": 9,
            "codename": "change_studentprofile"
        }
    },
    {
        "model": "auth.permission",
        "pk": 35,
        "fields": {
            "name": "Can delete student profile",
            "content_type": 9,
            "codename": "delete_studentprofile"
        }
    },
    {
        "model": "auth.permission",
        "pk": 36,
        "fields": {
            "name": "Can view student profile",
            "content_type": 9,
            "codename": "view_studentprofile"
        }
    },
    {
        "model": "auth.permission",
        "pk": 37,
        "fields": {
            "name": "Can add assessment type",
            "content_type": 10,
            "codename": "add_assessmenttype"
        }
    },
    {
        "model": "auth.permission",
        "pk": 38,
        "fields": {
            "name": "Can change assessment type",
            "content_type": 10,
            "codename": "change_assessmenttype"
        }
    },
    {
        "model": "auth.permission",
        "pk": 39,
        "fields": {
            "name": "Can delete assessment type",
            "content_type": 10,
            "codename": "delete_assessmenttype"
        }
    },
    {
        "model": "auth.permission",
        "pk": 40,
        "fields": {
            "name": "Can view assessment type",
            "content_type": 10,
            "codename": "view_assessmenttype"
        }
    },
    {
        "model": "auth.permission",
        "pk": 41,
        "fields": {
            "name": "Can add question",
            "content_type": 11,
            "codename": "add_question"
        }
    },
    {
        "model": "auth.permission",
        "pk": 42,
        "fields": {
            "name": "Can change question",
            "content_type": 11,
            "codename": "change_question"
        }
    },
    {
        "model": "auth.permission",
        "pk": 43,
        "fields": {
            "name": "Can delete question",
            "content_type": 11,
            "codename": "delete_question"
        }
    },
    {
        "model": "auth.permission",
        "pk": 44,
        "fields": {
            "name": "Can view question",
            "content_type": 11,
            "codename": "view_question"
        }
    },
    {
        "model": "auth.permission",
        "pk": 45,
        "fields": {
            "name": "Can add student mark",
            "content_type": 12,
            "codename": "add_studentmark"
        }
    },
    {
        "model": "auth.permission",
        "pk": 46,
        "fields": {
            "name": "Can change student mark",
            "content_type": 12,
            "codename": "change_studentmark"
        }
    },
    {
        "model": "auth.permission",
        "pk": 47,
        "fields": {
            "name": "Can delete student mark",
            "content_type": 12,
            "codename": "delete_studentmark"
        }
    },
    {
        "model": "auth.permission",
        "pk": 48,
        "fields": {
            "name": "Can view student mark",
            "content_type": 12,
            "codename": "view_studentmark"
        }
    },
    {
        "model": "auth.permission",
        "pk": 49,
        "fields": {
            "name": "Can add teacher assessment",
            "content_type": 13,
            "codename": "add_teacherassessment"
        }
    },
    {
        "model": "auth.permission",
        "pk": 50,
        "fields": {
            "name": "Can change teacher assessment",
            "content_type": 13,
            "codename": "change_teacherassessment"
        }
    },
    {
        "model": "auth.permission",
        "pk": 51,
        "fields": {
            "name": "Can delete teacher assessment",
            "content_type": 13,
            "codename": "delete_teacherassessment"
        }
    },
    {
        "model": "auth.permission",
        "pk": 52,
        "fields": {
            "name": "Can view teacher assessment",
            "content_type": 13,
            "codename": "view_teacherassessment"
        }
    },
    {
        "model": "auth.permission",
        "pk": 53,
        "fields": {
            "name": "Can add student question",
            "content_type": 14,
            "codename": "add_studentquestion"
        }
    },
    {
        "model": "auth.permission",
        "pk": 54,
        "fields": {
            "name": "Can change student question",
            "content_type": 14,
            "codename": "change_studentquestion"
        }
    },
    {
        "model": "auth.permission",
        "pk": 55,
        "fields": {
            "name": "Can delete student question",
            "content_type": 14,
            "codename": "delete_studentquestion"
        }
    },
    {
        "model": "auth.permission",
        "pk": 56,
        "fields": {
            "name": "Can view student question",
            "content_type": 14,
            "codename": "view_studentquestion"
        }
    },
    {
        "model": "auth.permission",
        "pk": 57,
        "fields": {
            "name": "Can add subsystem",
            "content_type": 15,
            "codename": "add_subsystem"
        }
    },
    {
        "model": "auth.permission",
        "pk": 58,
        "fields": {
            "name": "Can change subsystem",
            "content_type": 15,
            "codename": "change_subsystem"
        }
    },
    {
        "model": "auth.permission",
        "pk": 59,
        "fields": {
            "name": "Can delete subsystem",
            "content_type": 15,
            "codename": "delete_subsystem"
        }
    },
    {
        "model": "auth.permission",
        "pk": 60,
        "fields": {
            "name": "Can view subsystem",
            "content_type": 15,
            "codename": "view_subsystem"
        }
    },
    {
        "model": "auth.permission",
        "pk": 61,
        "fields": {
            "name": "Can add subject",
            "content_type": 16,
            "codename": "add_subject"
        }
    },
    {
        "model": "auth.permission",
        "pk": 62,
        "fields": {
            "name": "Can change subject",
            "content_type": 16,
            "codename": "change_subject"
        }
    },
    {
        "model": "auth.permission",
        "pk": 63,
        "fields": {
            "name": "Can delete subject",
            "content_type": 16,
            "codename": "delete_subject"
        }
    },
    {
        "model": "auth.permission",
        "pk": 64,
        "fields": {
            "name": "Can view subject",
            "content_type": 16,
            "codename": "view_subject"
        }
    },
    {
        "model": "auth.permission",
        "pk": 65,
        "fields": {
            "name": "Can add class room",
            "content_type": 17,
            "codename": "add_classroom"
        }
    },
    {
        "model": "auth.permission",
        "pk": 66,
        "fields": {
            "name": "Can change class room",
            "content_type": 17,
            "codename": "change_classroom"
        }
    },
    {
        "model": "auth.permission",
        "pk": 67,
        "fields": {
            "name": "Can delete class room",
            "content_type": 17,
            "codename": "delete_classroom"
        }
    },
    {
        "model": "auth.permission",
        "pk": 68,
        "fields": {
            "name": "Can view class room",
            "content_type": 17,
            "codename": "view_classroom"
        }
    },
    {
        "model": "auth.permission",
        "pk": 69,
        "fields": {
            "name": "Can add email address",
            "content_type": 18,
            "codename": "add_emailaddress"
        }
    },
    {
        "model": "auth.permission",
        "pk": 70,
        "fields": {
            "name": "Can change email address",
            "content_type": 18,
            "codename": "change_emailaddress"
        }
    },
    {
        "model": "auth.permission",
        "pk": 71,
        "fields": {
            "name": "Can delete email address",
            "content_type": 18,
            "codename": "delete_emailaddress"
        }
    },
    {
        "model": "auth.permission",
        "pk": 72,
        "fields": {
            "name": "Can view email address",
            "content_type": 18,
            "codename": "view_emailaddress"
        }
    },
    {
        "model": "auth.permission",
        "pk": 73,
        "fields": {
            "name": "Can add email confirmation",
            "content_type": 19,
            "codename": "add_emailconfirmation"
        }
    },
    {
        "model": "auth.permission",
        "pk": 74,
        "fields": {
            "name": "Can change email confirmation",
            "content_type": 19,
            "codename": "change_emailconfirmation"
        }
    },
    {
        "model": "auth.permission",
        "pk": 75,
        "fields": {
            "name": "Can delete email confirmation",
            "content_type": 19,
            "codename": "delete_emailconfirmation"
        }
    },
    {
        "model": "auth.permission",
        "pk": 76,
        "fields": {
            "name": "Can view email confirmation",
            "content_type": 19,
            "codename": "view_emailconfirmation"
        }
    },
    {
        "model": "auth.permission",
        "pk": 77,
        "fields": {
            "name": "Can add parent profile",
            "content_type": 20,
            "codename": "add_parentprofile"
        }
    },
    {
        "model": "auth.permission",
        "pk": 78,
        "fields": {
            "name": "Can change parent profile",
            "content_type": 20,
            "codename": "change_parentprofile"
        }
    },
    {
        "model": "auth.permission",
        "pk": 79,
        "fields": {
            "name": "Can delete parent profile",
            "content_type": 20,
            "codename": "delete_parentprofile"
        }
    },
    {
        "model": "auth.permission",
        "pk": 80,
        "fields": {
            "name": "Can view parent profile",
            "content_type": 20,
            "codename": "view_parentprofile"
        }
    },
    {
        "model": "contenttypes.contenttype",
        "pk": 1,
        "fields": {
            "app_label": "admin",
            "model": "logentry"
        }
    },
    {
        "model": "contenttypes.contenttype",
        "pk": 2,
        "fields": {
            "app_label": "auth",
            "model": "permission"
        }
    },
    {
        "model": "contenttypes.contenttype",
        "pk": 3,
        "fields": {
            "app_label": "auth",
            "model": "group"
        }
    },
    {
        "model": "contenttypes.contenttype",
        "pk": 4,
        "fields": {
            "app_label": "contenttypes",
            "model": "contenttype"
        }
    },
    {
        "model": "contenttypes.contenttype",
        "pk": 5,
        "fields": {
            "app_label": "sessions",
            "model": "session"
        }
    },
    {
        "model": "contenttypes.contenttype",
        "pk": 6,
        "fields": {
            "app_label": "accounts",
            "model": "user"
        }
    },
    {
        "model": "contenttypes.contenttype",
        "pk": 7,
        "fields": {
            "app_label": "accounts",
            "model": "schoolprofile"
        }
    },
    {
        "model": "contenttypes.contenttype",
        "pk": 8,
        "fields": {
            "app_label": "accounts",
            "model": "teacherprofile"
        }
    },
    {
        "model": "contenttypes.contenttype",
        "pk": 9,
        "fields": {
            "app_label": "accounts",
            "model": "studentprofile"
        }
    },
    {
        "model": "contenttypes.contenttype",
        "pk": 10,
        "fields": {
            "app_label": "assessment",
            "model": "assessmenttype"
        }
    },
    {
        "model": "contenttypes.contenttype",
        "pk": 11,
        "fields": {
            "app_label": "assessment",
            "model": "question"
        }
    },
    {
        "model": "contenttypes.contenttype",
        "pk": 12,
        "fields": {
            "app_label": "assessment",
            "model": "studentmark"
        }
    },
    {
        "model": "contenttypes.contenttype",
        "pk": 13,
        "fields": {
            "app_label": "assessment",
            "model": "teacherassessment"
        }
    },
    {
        "model": "contenttypes.contenttype",
        "pk": 14,
        "fields": {
            "app_label": "assessment",
            "model": "studentquestion"
        }
    },
    {
        "model": "contenttypes.contenttype",
        "pk": 15,
        "fields": {
            "app_label": "subsystem",
            "model": "subsystem"
        }
    },
    {
        "model": "contenttypes.contenttype",
        "pk": 16,
        "fields": {
            "app_label": "subsystem",
            "model": "subject"
        }
    },
    {
        "model": "contenttypes.contenttype",
        "pk": 17,
        "fields": {
            "app_label": "subsystem",
            "model": "classroom"
        }
    },
    {
        "model": "contenttypes.contenttype",
        "pk": 18,
        "fields": {
            "app_label": "account",
            "model": "emailaddress"
        }
    },
    {
        "model": "contenttypes.contenttype",
        "pk": 19,
        "fields": {
            "app_label": "account",
            "model": "emailconfirmation"
        }
    },
    {
        "model": "contenttypes.contenttype",
        "pk": 20,
        "fields": {
            "app_label": "accounts",
            "model": "parentprofile"
        }
    },
    {
        "model": "sessions.session",
        "pk": "2ahljfpixcskaucy27gj8yrdw52v1sf3",
        "fields": {
            "session_data": ".eJxVjEEOwiAQRe_C2pAOUKEu3fcMZIYZpGpoUtqV8e7apAvd_vfef6mI21ri1mSJE6uLgl6dfkfC9JC6E75jvc06zXVdJtK7og_a9DizPK-H-3dQsJVvTSxWCEwg5ExonA0eHPQ-B0AkywYNe58ROzinjrJj8JIHS5R4EFLvDzb8OZk:1odiaJ:U9wCQ0c_w_y_LRc8YP2Gs0zdbvmA3gNjjoKfIJm1qRc",
            "expire_date": "2022-10-13T01:43:31.857Z"
        }
    },
    {
        "model": "sessions.session",
        "pk": "bi352cpkbevvmvb4wy6jqrj2mg33f6q6",
        "fields": {
            "session_data": ".eJxVjEEOgjAURO_StWlKf_ml7vQiZCiflEhKIu3KeHfBsNDlvDczL9WjltTXTZ79PKqrInX5ZQPiQ_IhsCwH1ohxrbnob-fUm77tSXKZI8q85vu5-rtK2NL-M_qISYRZxI7oZEAQMia0bWeNC2h25xvDwiAwWesmDi4M5BuPFqTeH9xePEs:1ocdnA:OwIHsoDMcUJq6pkvkPaykWiQYC30rLLklcoLohLVcUo",
            "expire_date": "2022-10-10T02:24:20.952Z"
        }
    },
    {
        "model": "sessions.session",
        "pk": "ewxab21lfgrr48j0wxarmtatgt25614s",
        "fields": {
            "session_data": "e30:1odBZZ:FNkAJBGtRd_FNYCpB13RFZw4A8lK0sRCAdlVCELDvak",
            "expire_date": "2022-10-11T14:28:33.396Z"
        }
    },
    {
        "model": "sessions.session",
        "pk": "g25dpjw01fcaxkpzxat1sjq1vutmotqp",
        "fields": {
            "session_data": ".eJxVjMsOwiAQRf-FtSHDoxRcuvcbyAwDUjU0Ke3K-O_apAvd3nPOfYmI21rj1vMSJxZnoY04_Y6E6ZHbTviO7TbLNLd1mUjuijxol9eZ8_NyuH8HFXv91mDYABYbUKnMftAGnXXg_QiUKDA6pYhKcIw-oLXBwaDtCOhKJlAo3h_5SzfB:1oehAb:OKUSz4lajx-U9p8vo2PtZkTPPIkUjylTbRRWrVpV2tw",
            "expire_date": "2022-10-15T18:25:01.211Z"
        }
    },
    {
        "model": "sessions.session",
        "pk": "j4730pzk13hgtqfppr5i0m16q3sk5ghq",
        "fields": {
            "session_data": "e30:1ocdL2:NxO83Wm5ZrlHwJo7D6K0BI4xpCnDMbhWgGfEHqBZKZw",
            "expire_date": "2022-10-10T01:55:16.825Z"
        }
    },
    {
        "model": "sessions.session",
        "pk": "jzm64tn9v51sjqwtbxczm6nu37a9zdb5",
        "fields": {
            "session_data": ".eJxVjMsOwiAQRf-FtSGF8hhcuvcbyMBMpWogKe3K-O_apAvd3nPOfYmI21ri1nmJM4mz0FqcfseE-cF1J3THemsyt7ouc5K7Ig_a5bURPy-H-3dQsJdvDSGRNYYdBXCcvQGwYbRaO8U-cFJ-JMcuTZosWu8ADNKgrOYJwsAo3h_xpDej:1oesOl:cDB3cLDXOvMtIZgexy8d_b-w_9w3oyGfGoHgglbfJoQ",
            "expire_date": "2022-10-16T06:24:23.052Z"
        }
    },
    {
        "model": "sessions.session",
        "pk": "qwfjh5wlvygzdxfm2jnnungn8yspq6t3",
        "fields": {
            "session_data": ".eJxVjMsOwiAQRf-FtSHDoxRcuvcbyAwDUjU0Ke3K-O_apAvd3nPOfYmI21rj1vMSJxZnoY04_Y6E6ZHbTviO7TbLNLd1mUjuijxol9eZ8_NyuH8HFXv91mDYABYbUKnMftAGnXXg_QiUKDA6pYhKcIw-oLXBwaDtCOhKJlAo3h_5SzfB:1ogLo5:-6w2iuTtS3BLy2e6dFX0xWyS4m8k0XQGUODdO0hqubc",
            "expire_date": "2022-10-20T08:00:37.584Z"
        }
    },
    {
        "model": "accounts.user",
        "pk": 12,
        "fields": {
            "password": "pbkdf2_sha256$390000$Kei1fJawz9h1933cxTj3CO$xCUC1xrGb+BNtilXlDNryRy6aYromVRoNjZkYzC4VwU=",
            "last_login": "2022-10-01T18:24:36.894Z",
            "is_superuser": true,
            "is_staff": true,
            "is_active": true,
            "date_joined": "2022-09-28T03:24:00Z",
            "email": "tanoparksonsilencer@gmail.com",
            "username": "dani",
            "first_name": "Parkson",
            "last_name": "Daniel",
            "phone_number": "0674128573",
            "gender": null,
            "profile_pic": "images/defaults/defaultuserprofile.svg",
            "account_type": "parent",
            "subsystem": null,
            "student_class": null,
            "code": "PRT/4764D0/TAN",
            "date_created": "2022-09-28T03:24:00.742Z",
            "groups": [],
            "user_permissions": []
        }
    },
    {
        "model": "accounts.user",
        "pk": 21,
        "fields": {
            "password": "pbkdf2_sha256$390000$UMYDkL5t3to9T0f8GGyjMa$5P0C1uAc5snsHDsEknFvCJVrbK+u/A0PByl4OPRN7Ns=",
            "last_login": null,
            "is_superuser": false,
            "is_staff": false,
            "is_active": true,
            "date_joined": "2022-09-29T02:43:40.980Z",
            "email": "tanodaniel59@gmail.com",
            "username": null,
            "first_name": "Samuel",
            "last_name": "Parkson Bisong",
            "phone_number": "674128573",
            "gender": null,
            "profile_pic": "images/defaults/defaultuserprofile.svg",
            "account_type": "student",
            "subsystem": 2,
            "student_class": 17,
            "code": "STD/4763D0/TAN",
            "date_created": "2022-09-29T02:43:41.567Z",
            "groups": [],
            "user_permissions": []
        }
    },
    {
        "model": "accounts.user",
        "pk": 22,
        "fields": {
            "password": "pbkdf2_sha256$390000$15evIki6x2vTaErCKfswW7$ocPDBUu79eIAP4Zq1WfbilHsfBEWP9/5sxFbhenpFJ4=",
            "last_login": "2022-10-02T06:24:22.807Z",
            "is_superuser": false,
            "is_staff": false,
            "is_active": true,
            "date_joined": "2022-09-29T02:44:02Z",
            "email": "tanodaniel591@gmail.com",
            "username": null,
            "first_name": "Ashu Boris",
            "last_name": "Obi",
            "phone_number": "654471251",
            "gender": null,
            "profile_pic": "images/defaults/defaultuserprofile.svg",
            "account_type": "student",
            "subsystem": 1,
            "student_class": 5,
            "code": "STD/F559DC/TAN",
            "date_created": "2022-09-29T02:44:03.277Z",
            "groups": [],
            "user_permissions": []
        }
    },
    {
        "model": "accounts.user",
        "pk": 23,
        "fields": {
            "password": "pbkdf2_sha256$390000$jRRuAHyAYcY1Euaul73lU2$uuMX+PDaDxRSG7ANwJAeVpnGs8B+7Rvnofhg4JD+UV0=",
            "last_login": "2022-10-06T08:00:37.310Z",
            "is_superuser": true,
            "is_staff": true,
            "is_active": true,
            "date_joined": "2022-09-29T11:04:46Z",
            "email": "myemail@gmail.com",
            "username": "dani",
            "first_name": "Daniel",
            "last_name": "Parkson Tano",
            "phone_number": "674128573",
            "gender": null,
            "profile_pic": "images/defaults/defaultuserprofile.svg",
            "account_type": "teacher",
            "subsystem": null,
            "student_class": null,
            "code": "STD/4747D0/TAN",
            "date_created": "2022-09-29T11:04:46.661Z",
            "groups": [],
            "user_permissions": []
        }
    },
    {
        "model": "accounts.teacherprofile",
        "pk": 3,
        "fields": {
            "user": 23,
            "school_name": null,
            "subsystem": 1,
            "subject": 3,
            "date_created": "2022-09-30T01:39:15.538Z",
            "teacher_class": [
                1
            ]
        }
    },
    {
        "model": "accounts.teacherprofile",
        "pk": 4,
        "fields": {
            "user": 12,
            "school_name": null,
            "subsystem": 1,
            "subject": 9,
            "date_created": "2022-09-30T03:27:48.295Z",
            "teacher_class": [
                5
            ]
        }
    },
    {
        "model": "accounts.studentprofile",
        "pk": 8,
        "fields": {
            "user": 21,
            "parent": null,
            "school": null,
            "subsystem": null,
            "student_class": null,
            "date_created": "2022-09-29T02:43:41.802Z"
        }
    },
    {
        "model": "accounts.studentprofile",
        "pk": 9,
        "fields": {
            "user": 22,
            "parent": null,
            "school": null,
            "subsystem": null,
            "student_class": null,
            "date_created": "2022-09-29T02:44:03.408Z"
        }
    },
    {
        "model": "accounts.parentprofile",
        "pk": 2,
        "fields": {
            "user": 12,
            "child": 21,
            "relation": "father",
            "date_created": "2022-09-29T02:43:42.051Z"
        }
    },
    {
        "model": "accounts.parentprofile",
        "pk": 3,
        "fields": {
            "user": 12,
            "child": 22,
            "relation": "father",
            "date_created": "2022-09-29T02:44:03.705Z"
        }
    },
    {
        "model": "assessment.assessmenttype",
        "pk": 1,
        "fields": {
            "title": "diagonistic test",
            "description": "find out what yout student already know",
            "slug": "diagonistic-test"
        }
    },
    {
        "model": "assessment.assessmenttype",
        "pk": 2,
        "fields": {
            "title": "Formative evaluation",
            "description": "Verify if Competences are fully understood by your students",
            "slug": "formative-evaluation"
        }
    },
    {
        "model": "assessment.assessmenttype",
        "pk": 3,
        "fields": {
            "title": "Summative evaluation",
            "description": "to what extent the objecives previously fixed have been met",
            "slug": "summative-evaluation"
        }
    },
    {
        "model": "assessment.assessmenttype",
        "pk": 4,
        "fields": {
            "title": "Process Evaluation",
            "description": "Assignmernt at the end of a lesson",
            "slug": "process-evaluation"
        }
    },
    {
        "model": "assessment.teacherassessment",
        "pk": 4,
        "fields": {
            "teacher": 3,
            "assessment_type": 2,
            "title": "first term",
            "subsystem": 1,
            "assessment_class": 5,
            "assessment_subject": 10,
            "slug": "first-term",
            "publish": true,
            "student_count": 1,
            "date_created": "2022-10-02T07:52:54.470Z"
        }
    },
    {
        "model": "assessment.teacherassessment",
        "pk": 5,
        "fields": {
            "teacher": 3,
            "assessment_type": 4,
            "title": "Compute science",
            "subsystem": 1,
            "assessment_class": 5,
            "assessment_subject": 7,
            "slug": "compute-science",
            "publish": true,
            "student_count": 1,
            "date_created": "2022-10-02T09:35:52.312Z"
        }
    },
    {
        "model": "assessment.question",
        "pk": 3,
        "fields": {
            "assessment": 5,
            "question_no": 1,
            "question": "how is the world rotating",
            "answer_a": "Verticalle",
            "answer_b": "asdasd",
            "answer_c": "asdas",
            "answer_d": "dasdas ddasd",
            "correct_answer": "a",
            "explanation": "asdasd",
            "date_created": "2022-10-02T09:37:05.413Z"
        }
    },
    {
        "model": "assessment.question",
        "pk": 4,
        "fields": {
            "assessment": 5,
            "question_no": 2,
            "question": "asedasdased",
            "answer_a": "asdas",
            "answer_b": "dddd",
            "answer_c": "ass",
            "answer_d": "asdsasasd",
            "correct_answer": "b",
            "explanation": "asdas",
            "date_created": "2022-10-02T10:04:27.388Z"
        }
    },
    {
        "model": "assessment.studentmark",
        "pk": 2,
        "fields": {
            "student": 9,
            "test": 4,
            "marks": 0,
            "timer": 0,
            "completed": false,
            "percentage": 0.0,
            "passed": false,
            "date_created": "2022-10-02T09:15:42.898Z"
        }
    },
    {
        "model": "assessment.studentmark",
        "pk": 3,
        "fields": {
            "student": 9,
            "test": 5,
            "marks": 0,
            "timer": 0,
            "completed": false,
            "percentage": 0.0,
            "passed": false,
            "date_created": "2022-10-02T09:36:06.087Z"
        }
    },
    {
        "model": "subsystem.subsystem",
        "pk": 1,
        "fields": {
            "title": "English"
        }
    },
    {
        "model": "subsystem.subsystem",
        "pk": 2,
        "fields": {
            "title": "French"
        }
    },
    {
        "model": "subsystem.classroom",
        "pk": 1,
        "fields": {
            "subsystem": 1,
            "title": "Form 1"
        }
    },
    {
        "model": "subsystem.classroom",
        "pk": 2,
        "fields": {
            "subsystem": 1,
            "title": "Form 2"
        }
    },
    {
        "model": "subsystem.classroom",
        "pk": 3,
        "fields": {
            "subsystem": 1,
            "title": "Form 3"
        }
    },
    {
        "model": "subsystem.classroom",
        "pk": 4,
        "fields": {
            "subsystem": 1,
            "title": "Form 4"
        }
    },
    {
        "model": "subsystem.classroom",
        "pk": 5,
        "fields": {
            "subsystem": 1,
            "title": "Form 5"
        }
    },
    {
        "model": "subsystem.classroom",
        "pk": 6,
        "fields": {
            "subsystem": 1,
            "title": "Lower Sixth Science"
        }
    },
    {
        "model": "subsystem.classroom",
        "pk": 7,
        "fields": {
            "subsystem": 1,
            "title": "Lower Sixth Artd"
        }
    },
    {
        "model": "subsystem.classroom",
        "pk": 8,
        "fields": {
            "subsystem": 1,
            "title": "Upper Sixth Science"
        }
    },
    {
        "model": "subsystem.classroom",
        "pk": 9,
        "fields": {
            "subsystem": 1,
            "title": "Upper Sixth Arts"
        }
    },
    {
        "model": "subsystem.classroom",
        "pk": 10,
        "fields": {
            "subsystem": 2,
            "title": "Sixi?me"
        }
    },
    {
        "model": "subsystem.classroom",
        "pk": 11,
        "fields": {
            "subsystem": 2,
            "title": "Cinqui?me"
        }
    },
    {
        "model": "subsystem.classroom",
        "pk": 12,
        "fields": {
            "subsystem": 2,
            "title": "Quatri?me"
        }
    },
    {
        "model": "subsystem.classroom",
        "pk": 13,
        "fields": {
            "subsystem": 2,
            "title": "troisi?me"
        }
    },
    {
        "model": "subsystem.classroom",
        "pk": 14,
        "fields": {
            "subsystem": 2,
            "title": "Second"
        }
    },
    {
        "model": "subsystem.classroom",
        "pk": 15,
        "fields": {
            "subsystem": 2,
            "title": "premi?re"
        }
    },
    {
        "model": "subsystem.classroom",
        "pk": 16,
        "fields": {
            "subsystem": 2,
            "title": "Terminale A"
        }
    },
    {
        "model": "subsystem.classroom",
        "pk": 17,
        "fields": {
            "subsystem": 2,
            "title": "Terminale D"
        }
    },
    {
        "model": "subsystem.classroom",
        "pk": 18,
        "fields": {
            "subsystem": 2,
            "title": "Terminale C"
        }
    },
    {
        "model": "subsystem.classroom",
        "pk": 19,
        "fields": {
            "subsystem": 2,
            "title": "Terminale TI"
        }
    },
    {
        "model": "subsystem.classroom",
        "pk": 20,
        "fields": {
            "subsystem": 2,
            "title": "Terminale BIL"
        }
    },
    {
        "model": "subsystem.subject",
        "pk": 1,
        "fields": {
            "subsystem": 1,
            "title": "Mathematics"
        }
    },
    {
        "model": "subsystem.subject",
        "pk": 2,
        "fields": {
            "subsystem": 1,
            "title": "Physics"
        }
    },
    {
        "model": "subsystem.subject",
        "pk": 3,
        "fields": {
            "subsystem": 1,
            "title": "Chemistry"
        }
    },
    {
        "model": "subsystem.subject",
        "pk": 4,
        "fields": {
            "subsystem": 1,
            "title": "Biology"
        }
    },
    {
        "model": "subsystem.subject",
        "pk": 5,
        "fields": {
            "subsystem": 1,
            "title": "History"
        }
    },
    {
        "model": "subsystem.subject",
        "pk": 6,
        "fields": {
            "subsystem": 1,
            "title": "Geography"
        }
    },
    {
        "model": "subsystem.subject",
        "pk": 7,
        "fields": {
            "subsystem": 1,
            "title": "Computer Science"
        }
    },
    {
        "model": "subsystem.subject",
        "pk": 8,
        "fields": {
            "subsystem": 1,
            "title": "ICT"
        }
    },
    {
        "model": "subsystem.subject",
        "pk": 9,
        "fields": {
            "subsystem": 1,
            "title": "Logic"
        }
    },
    {
        "model": "subsystem.subject",
        "pk": 10,
        "fields": {
            "subsystem": 1,
            "title": "Citizenship"
        }
    },
    {
        "model": "subsystem.subject",
        "pk": 11,
        "fields": {
            "subsystem": 1,
            "title": "Additional Mathematics"
        }
    },
    {
        "model": "subsystem.subject",
        "pk": 12,
        "fields": {
            "subsystem": 1,
            "title": "French"
        }
    },
    {
        "model": "subsystem.subject",
        "pk": 13,
        "fields": {
            "subsystem": 1,
            "title": "Literature"
        }
    },
    {
        "model": "subsystem.subject",
        "pk": 14,
        "fields": {
            "subsystem": 2,
            "title": "informatique"
        }
    },
    {
        "model": "subsystem.subject",
        "pk": 15,
        "fields": {
            "subsystem": 2,
            "title": "math?matiques"
        }
    },
    {
        "model": "subsystem.subject",
        "pk": 16,
        "fields": {
            "subsystem": 2,
            "title": "physique"
        }
    }
]